{
  "source": "examples/ADNI_1_L_No_MCI/minimal_eikonal_gmm/train_latents/train_latents.pt",
  "global": {
    "shape": [
      696,
      1,
      256
    ],
    "global_mean": -0.00012455561954993755,
    "global_std": 0.049753207713365555,
    "global_min": -0.30601853132247925,
    "global_max": 0.29581236839294434,
    "per_dim_mean_abs": 0.0014423350803554058,
    "per_dim_std_avg": 0.047382768243551254
  },
  "mean": [
    [
      0.0003481124876998365,
      -0.0009206442628055811,
      0.003087739460170269,
      0.0002362996165174991,
      0.0007111622835509479,
      0.0017304697539657354,
      -0.0013750474900007248,
      -0.003750514006242156,
      -0.000921896134968847,
      -0.002106446772813797,
      -0.0004982946556992829,
      0.00036197146982885897,
      -0.0035444677341729403,
      0.00018734458717517555,
      -0.0018619336187839508,
      0.0014093683566898108,
      -0.002273798920214176,
      0.0028113964945077896,
      0.0009165887604467571,
      -0.0018674571765586734,
      -0.0002907067537307739,
      0.00011584599269554019,
      -0.00035079344525001943,
      0.0007246790337376297,
      -0.0028704642318189144,
      -0.001275664777494967,
      -0.0003343166608829051,
      -0.00018579332390800118,
      0.0016409953823313117,
      0.0013497042236849666,
      -0.00040464059566147625,
      -0.0012144807260483503,
      0.0003577589523047209,
      0.0004048802948091179,
      -0.0009515667334198952,
      0.0017852733144536614,
      -0.0004618734819814563,
      -1.311987318786123e-07,
      0.001149083487689495,
      -0.012607414275407791,
      0.0016426730435341597,
      -0.0007169564487412572,
      0.00013445000513456762,
      0.00024313197354786098,
      -0.0004976231721229851,
      -0.0005949495825916529,
      -0.0005288806860335171,
      -0.001541808363981545,
      0.00042132125236094,
      -0.002587681170552969,
      0.001036122441291809,
      -0.0005028230953030288,
      0.00025848092627711594,
      -0.0003620029892772436,
      -0.001677804277278483,
      -0.0013709386112168431,
      -0.0024216030724346638,
      0.0016677204985171556,
      -0.0001418994361301884,
      0.00023773398424964398,
      0.004744684789329767,
      0.0007886525127105415,
      -0.0023953078780323267,
      0.001091238111257553,
      -0.0030464346054941416,
      -0.00021213006402831525,
      -0.0015225406968966126,
      -0.00023827886616345495,
      0.001285530161112547,
      0.0014256408903747797,
      -0.0006133317947387695,
      -0.00038174711517058313,
      0.0018143131164833903,
      -0.002918710932135582,
      -0.0019714951049536467,
      -0.002703696256503463,
      -0.0001833466230891645,
      0.0007249072077684104,
      -0.0032742349430918694,
      0.0015808395110070705,
      0.006113136652857065,
      -0.0015945379855111241,
      -0.0012612821301445365,
      -0.0010433981660753489,
      -0.0003762277774512768,
      -2.6171406716457568e-05,
      0.0007843346102163196,
      0.0011486419243738055,
      -0.0006438964628614485,
      -0.0007357775466516614,
      -0.0010774146066978574,
      -0.003379241796210408,
      -0.0023008815478533506,
      -0.0010797196300700307,
      0.002048214664682746,
      0.0009997206507250667,
      0.0009058481082320213,
      -0.007587221916764975,
      -0.0005867793224751949,
      -0.00021507436758838594,
      0.001264495775103569,
      -0.00217343564145267,
      0.0006369019392877817,
      -0.001593349501490593,
      -0.0024836892262101173,
      -0.00047530169831588864,
      -0.0024169455282390118,
      0.0001597784721525386,
      -0.0020479485392570496,
      -0.0009767210576683283,
      0.0027240694034844637,
      -0.00016936077736318111,
      -0.002385108731687069,
      0.004341955296695232,
      0.003328794613480568,
      0.0011910208268091083,
      -0.002167660975828767,
      0.0005778403719887137,
      -0.0007581427344121039,
      0.0005569530185312033,
      0.0009461948648095131,
      0.001527890213765204,
      0.0006783637800253928,
      0.00025581405498087406,
      -0.0009722504182718694,
      -0.00017770216800272465,
      -0.0003903479955624789,
      -0.0005285221850499511,
      0.0007711442303843796,
      0.0012522722827270627,
      -0.0005169707583263516,
      -0.0006608118419535458,
      -0.0011852065799757838,
      -0.0033246579114347696,
      -0.00042888103052973747,
      0.002384370658546686,
      0.0014938476961106062,
      0.0023476139176636934,
      0.0019192200852558017,
      -0.0009515004348941147,
      0.0018209100235253572,
      0.00013019616017118096,
      -0.0005436087376438081,
      -0.002503453055396676,
      0.0014448107685893774,
      0.0007921336800791323,
      -0.0006302716792561114,
      0.0002572605444584042,
      -0.00011650104715954512,
      -0.0020661791786551476,
      -0.0005953591899015009,
      0.003423233749344945,
      -0.001152781187556684,
      -0.0010943880770355463,
      -0.001758480560965836,
      -0.0007184320711530745,
      0.0008806466357782483,
      -0.001224260893650353,
      0.003559952834621072,
      -0.0006100361351855099,
      -0.0003110041143372655,
      0.0022591932211071253,
      0.0015677155461162329,
      0.0043985904194414616,
      0.0013327926862984896,
      -0.0006993503775447607,
      0.0010848799720406532,
      -0.002202901290729642,
      0.0005176636623218656,
      0.0027514228131622076,
      0.0010560143273323774,
      0.0018171914853155613,
      -0.0009095956338569522,
      -0.0002401358069619164,
      0.00048162316670641303,
      -0.0014381830114871264,
      0.002069095615297556,
      -0.000946248765103519,
      -0.0038814255967736244,
      0.002429552376270294,
      -0.0014698738232254982,
      0.003787877270951867,
      -0.002435912610962987,
      -0.0006059464067220688,
      -0.0011572357034310699,
      -0.0005174317047931254,
      0.00022380331938620657,
      -0.00039364813710562885,
      -0.0016191363101825118,
      -0.0004427373060025275,
      -0.00028959926567040384,
      -0.00018194668518844992,
      8.494175744999666e-06,
      0.0017255119746550918,
      -0.0007021547644399107,
      0.0015196488238871098,
      -0.001807643799111247,
      0.0005001021781936288,
      -7.525394903495908e-05,
      -0.004595354665070772,
      0.0015013394877314568,
      0.001968619879335165,
      0.0019786537159234285,
      0.00218737730756402,
      -0.0017675315029919147,
      0.0006640042993240058,
      -0.0031628732103854418,
      0.0011462511029094458,
      -7.107117562554777e-05,
      0.0023606042377650738,
      0.004002462141215801,
      -0.0001707594346953556,
      0.0009737329673953354,
      0.0027728902641683817,
      -0.002589012263342738,
      0.0020682623144239187,
      0.000435112277045846,
      -0.0053811934776604176,
      0.0012951450189575553,
      -0.0021988311782479286,
      -0.0016445073997601867,
      0.0003402555885259062,
      -0.0006674096221104264,
      0.0018169541144743562,
      0.001651294413022697,
      0.0002876583603210747,
      0.0005618198774755001,
      0.0005259300814941525,
      -0.0024374539498239756,
      0.003062995383515954,
      0.0018571943510323763,
      -0.00046814995585009456,
      0.002768603153526783,
      0.0010678067337721586,
      -0.0031261553522199392,
      0.0025939459446817636,
      0.0005592004745267332,
      -0.0005695754080079496,
      0.003521295730024576,
      -0.0009513503173366189,
      0.0017980344127863646,
      -0.001967532327398658,
      -0.0013531326549127698,
      -0.0008638965082354844,
      -0.00030105997575446963,
      -0.0012077433057129383,
      0.0005038412055000663,
      -0.00043432132224552333,
      0.0011083236895501614,
      0.00033466724562458694,
      -0.0014368845149874687,
      -0.0023264302872121334,
      0.0003366180753801018,
      -0.0015879414277151227,
      -0.0015810481272637844,
      -0.0011929513420909643
    ]
  ],