{
  "lambda_5e-4_iters_500": {
    "train": {
      "shape": [
        696,
        1,
        256
      ],
      "global_mean": -0.00011738767352653667,
      "global_std": 0.050533074885606766,
      "global_min": -0.3099804222583771,
      "global_max": 0.3107835054397583,
      "per_dim_mean_abs": 0.0016150136943906546,
      "per_dim_std_avg": 0.04850510507822037
    },
    "test": {
      "shape": [
        77,
        1,
        256
      ],
      "global_mean": 0.002061210572719574,
      "global_std": 0.061075516045093536,
      "global_min": -0.2548525929450989,
      "global_max": 0.2263704538345337,
      "per_dim_mean_abs": 0.010980192571878433,
      "per_dim_std_avg": 0.059002939611673355
    },
    "val": {
      "shape": [
        46,
        1,
        256
      ],
      "global_mean": 0.0006828212644904852,
      "global_std": 0.06001393869519234,
      "global_min": -0.27702346444129944,
      "global_max": 0.2230684757232666,
      "per_dim_mean_abs": 0.011611883528530598,
      "per_dim_std_avg": 0.05737157538533211
    },
    "train_vs_test": {
      "l2_mean": 0.20862753689289093,
      "l2_std": 0.22741279006004333,
      "cosine_mean": 0.35847947001457214
    },
    "train_vs_val": {
      "l2_mean": 0.22778326272964478,
      "l2_std": 0.21676069498062134,
      "cosine_mean": 0.227642223238945
    }
  },
  "lambda_1e-3_iters_300": {
    "train": {
      "shape": [
        696,
        1,
        256
      ],
      "global_mean": -0.00011975708184763789,
      "global_std": 0.04977850243449211,
      "global_min": -0.30747511982917786,
      "global_max": 0.2935454845428467,
      "per_dim_mean_abs": 0.0014814287424087524,
      "per_dim_std_avg": 0.04743828624486923
    },
    "test": {
      "shape": [
        77,
        1,
        256
      ],
      "global_mean": 0.0014284600038081408,
      "global_std": 0.05979001149535179,
      "global_min": -0.24559728801250458,
      "global_max": 0.2034718543291092,
      "per_dim_mean_abs": 0.010781729593873024,
      "per_dim_std_avg": 0.057413458824157715
    },
    "val": {
      "shape": [
        46,
        1,
        256
      ],
      "global_mean": 0.0005342965014278889,
      "global_std": 0.05832934379577637,
      "global_min": -0.26933684945106506,
      "global_max": 0.2365531623363495,
      "per_dim_mean_abs": 0.01142977550625801,
      "per_dim_std_avg": 0.05529351532459259
    },
    "train_vs_test": {
      "l2_mean": 0.20613203942775726,
      "l2_std": 0.21068939566612244,
      "cosine_mean": 0.2989751398563385
    },
    "train_vs_val": {
      "l2_mean": 0.22330337762832642,
      "l2_std": 0.20409859716892242,
      "cosine_mean": 0.17393019795417786
    }
  }
}